-- --------------------------------------------------------
-- Full Data Restore for IRAC Durian DSS (SQLite Compatible)
-- --------------------------------------------------------

-- 1. Table: irac_moa_group
CREATE TABLE IF NOT EXISTS `irac_moa_group` (
  `g_id` varchar(10) PRIMARY KEY NOT NULL,
  `g_name` varchar(255) DEFAULT NULL
);

INSERT INTO `irac_moa_group` (`g_id`, `g_name`) VALUES
('100', 'FRAC M1: สารประกอบทองแดง (Copper)'),
('101', 'Group 1B: ฟีโนบูคาร์บ (Fenobucarb)'),
('11', 'FRAC 11: อะซอกซีสโตรบิน (Azoxystrobin)'),
('1A', 'กลุ่ม 1A: คาร์บาเมต (Carbamates)'),
('1B', 'กลุ่ม 1B: ออร์กาโนฟอสเฟต (Organophosphates)'),
('20', 'Group 20: ไซเอนโนไพราเฟน (Cyenopyrafen)'),
('21', 'Group 21: เฟนไพโรซิเมต (Fenpyroximate)'),
('23', 'กลุ่ม 23: อนุพันธ์กรดเตโทรนิก (Tetronic acid derivatives)'),
('25', 'Group 25: สไปโรดิโคลเฟน (Spirodiclofen)'),
('28', 'กลุ่ม 28: ไดอะไมด์ (Diamides)'),
('3', 'FRAC 3: ไดฟีโนโคนาโซล (Difenoconazole)'),
('33', 'FRAC 33: กรดฟอสโฟนิก (Phosphorous acid)'),
('40', 'FRAC 40: ไดเมโทมอร์ฟ (Dimethomorph)'),
('4A', 'กลุ่ม 4A: นีโอนิโคตินอยด์ (Neonicotinoids)'),
('5', 'กลุ่ม 5: สไปโนซิน (Spinosyns)'),
('9B', 'กลุ่ม 9B: ไพเมโทรซีน (Pymetrozine)');

-- 2. Table: pest (หัวใจของระบบ - คืนค่าครบทั้ง 23 รายการ)
CREATE TABLE IF NOT EXISTS `pest` (
  `pest_id` INTEGER PRIMARY KEY AUTOINCREMENT,
  `pest_name` varchar(100) DEFAULT NULL,
  `image_url` text DEFAULT NULL,
  `description` text DEFAULT NULL,
  `category` varchar(20) DEFAULT 'pest',
  `ipm_method` text DEFAULT NULL
);

INSERT INTO `pest` (`pest_id`, `pest_name`, `image_url`, `description`, `category`, `ipm_method`) VALUES
(1, 'เพลี้ยไก่แจ้ทุเรียน', '/pests/psyllid.jpg', 'ตัวอ่อนดูดกินน้ำเลี้ยงใบอ่อน มีปุยขาวคล้ายหางไก่แจ้ ใบหงิกงอแห้ง', 'pest', 'ใช้เชื้อบิวเวอเรีย (Beauveria) พ่นในช่วงเย็นเพื่อคุมประชากรเพลี้ย หรือติดตั้งกับดักกาวเหนียวสีเหลือง'),
(2, 'หนอนเจาะผลทุเรียน', '/pests/fruit_borer.jpg', 'เจาะผลกินเนื้อใน สังเกตเห็นมูลหนอนที่ผิวผล ทำให้ผลเน่าร่วง', 'pest', 'ใช้กับดักกรงพลาสติกหุ้มผลทุเรียน หรือใช้เชื้อแบคทีเรีย บีที (Bt) พ่นในระยะผลอ่อน'),
(3, 'ไรแดงแอฟริกัน', '/pests/red_mite.jpg', 'ดูดกินน้ำเลี้ยงใต้ใบ ใบจะเป็นจุดขาวซีดจนเป็นสีบรอนซ์เทา', 'pest', 'ปล่อยแมลงช้างปีกใส หรือพ่นน้ำเปล่าไล่ตัวไรในช่วงเช้าเพื่อเพิ่มความชื้นที่ใบ'),
(4, 'โรครากเน่าโคนเน่า', '/pests/root_rot.jpg', 'เปลือกต้นเยิ้มเป็นน้ำสีน้ำตาล ใบเหลืองร่วง เกิดจากเชื้อราไฟทอปโธร่า', 'disease', 'ถากเปลือกบริเวณที่เป็นโรคออกแล้วทาด้วยปูนแดง หรือใช้เชื้อราไตรโคเดอร์มา (Trichoderma) ผสมดินโรยรอบโคนต้น'),
(5, 'โรคแอนแทรคโนส', '/pests/anthracnose.jpg', 'ใบไหม้เป็นวงซ้อนกันสีน้ำตาล เริ่มจากปลายใบเข้าหาโคนใบ', 'disease', 'ตัดแต่งกิ่งให้โปร่งเพื่อให้แสงแดดส่องถึงโคนต้น และรวบรวมใบที่เป็นโรคไปเผาทำลายนอกสวน'),
(6, 'หนอนเจาะเมล็ด', '/pests/seed_borer.jpg', 'เจาะกินเมล็ดในผล ไม่เห็นรูที่ผิวผลชัดเจน รู้ตัวเมื่อทุเรียนสุก', 'pest', 'ใช้ถุงตาข่ายหรือพลาสติกหุ้มผลทุเรียนตั้งแต่ระยะผลเท่าลูกมะนาวเพื่อป้องกันตัวเต็มวัยมาวางไข่'),
(7, 'เพลี้ยแป้งทุเรียน', '/pests/mealybug.jpg', 'เกาะตามร่องหนาม ดูดน้ำเลี้ยงและขับถ่ายมูลหวานจนเกิดราดำ', 'pest', 'ใช้น้ำเปล่าฉีดพ่นชะล้างตัวเพลี้ย หรือใช้เชื้อราเมทาไรเซียม (Metarhizium) พ่นควบคุม'),
(8, 'เพลี้ยไฟทุเรียน', '/pests/thrips.jpg', 'ระบาดช่วงดอกและผลอ่อน ทำให้หนามจีบ/หนามแดง ผิวผลเสีย', 'pest', 'ติดตั้งกับดักกาวเหนียวสีเหลือง และพ่นน้ำเพิ่มความชื้นในช่วงแดดจัดเพื่อขัดขวางการวางไข่'),
(9, 'เพลี้ยหอย', '/pests/scale_insect.jpg', 'เกาะดูดน้ำเลี้ยงตามกิ่งและใบ เห็นเป็นสะเก็ดสีน้ำตาล/ขาว ทำให้กิ่งแห้งตาย', 'pest', 'ตัดแต่งกิ่งที่ระบาดรุนแรงไปทำลายนอกสวน หรือใช้ไวท์ออยล์ (White Oil) พ่นเคลือบตัวเพลี้ย'),
(10, 'มอดเจาะลำต้น', '/pests/stem_borer.jpg', 'เจาะรูเล็กๆ ตามลำต้นและกิ่ง มีขุยไม้และน้ำเลี้ยงเยิ้ม ต้นจะแห้งตายกะทันหัน', 'pest', 'ใช้ลวดเขี่ยตัวหนอนในรู หรือใช้สารสกัดจากหางไหลฉีดเข้าตามรูเจาะแล้วปิดรูด้วยดินเหนียว'),
(11, 'ด้วงบ่าหนาม', '/pests/longhorn_beetle.jpg', 'ตัวอ่อนเจาะกินใต้เปลือกไม้เป็นทางยาวรอบต้น ทำให้ท่อน้ำเลี้ยงถูกทำลาย', 'pest', 'ทำความสะอาดโคนต้นไม่ให้เป็นที่วางไข่ และใช้กับดักแสงไฟล่อตัวเต็มวัยในช่วงค่ำ'),
(12, 'โรคราสีชมพู', '/pests/pink_disease.jpg', 'พบตามง่ามกิ่ง มีเส้นใยราสีขาวชมพู ทำให้เปลือกปริและกิ่งแห้งตาย', 'disease', 'ตัดกิ่งที่เป็นโรคไปเผาทำลาย และทาแผลด้วยปูนแดงหรือสารประกอบทองแดง'),
(13, 'โรคราแป้ง', '/pests/powdery_mildew.jpg', 'พบที่ดอกและผลอ่อน มีผงสีขาวคล้ายแป้งคลุม ดอกร่วง ผลแคระแกร็น', 'disease', 'รวบรวมเศษซากดอกและผลที่ร่วงลงพื้นไปเผาทำลาย และพ่นสารสกัดจากกำมะถันผง'),
(14, 'โรคใบจุดตากบ', '/pests/leaf_spot.jpg', 'ใบเป็นจุดวงกลมสีน้ำตาล ขอบเข้ม กลางแผลสีซีดคล้ายตากบ พบมากช่วงฝนชุก', 'disease', 'ตัดแต่งทรงพุ่มให้มีการถ่ายเทอากาศที่ดี และลดการให้ปุ๋ยไนโตรเจนสูงในช่วงฝนชุก'),
(15, 'โรคใบติด (Rhizoctonia)', '/pests/leaf_blight.jpg', 'ใบเน่าเป็นจุดคล้ายน้ำร้อนลวก เส้นใยราทำให้ใบติดกันเป็นแผง ระบาดหนักช่วงฝนชุก', 'disease', 'เก็บกวาดใบที่เป็นโรคที่ร่วงติดกันบนดินไปทำลาย และใช้เชื้อราไตรโคเดอร์มาพ่นเคลือบใบ'),
(16, 'หนอนหน้าแมว', '/pests/cat_caterpillar.jpg', 'หนอนตัวแบนมีขนพิษ กัดกินใบจนเหลือแต่เส้นใบ ทำให้ต้นชะงักการเติบโต', 'pest', 'เก็บตัวหนอนไปทำลาย หรือใช้กับดักแสงไฟล่อตัวเต็มวัย (ผีเสื้อกลางคืน)'),
(17, 'เพลี้ยจักจั่นฝอย', '/pests/leafhopper.jpg', 'ตัวเล็กสีเขียวอ่อน กระโดดเร็ว ดูดกินน้ำเลี้ยงยอดอ่อน ทำให้ยอดแห้งไม้กวาด', 'pest', 'ใช้เชื้อบิวเวอเรียพ่นในช่วงที่พบตัวอ่อนระบาด และกำจัดวัชพืชรอบโคนต้นที่เป็นแหล่งอาศัย'),
(18, 'หนอนกินดอกทุเรียน', '/pests/flower_caterpillar.jpg', 'กัดกินส่วนต่าง ๆ ของดอกทุเรียน โดยเฉพาะเกสร ทำให้ดอกร่วงหรือติดผลไม่สมบูรณ์', 'pest', 'ใช้เชื้อแบคทีเรีย บีที (Bt) พ่นในช่วงดอกตูม และเขย่าต้นเพื่อให้ตัวหนอนร่วงลงมาเก็บทำลาย'),
(19, 'มอดเจาะกิ่งทุเรียน', '/pests/twig_borer.jpg', 'เจาะรูขนาดเล็กตามกิ่งทำให้กิ่งแห้งตาย มักพบระบาดรุนแรงในกิ่งขนาดเล็ก', 'pest', 'ตัดกิ่งที่แห้งตายจากการโดนเจาะไปเผาทำลายทันทีเพื่อป้องกันการขยายพันธุ์'),
(20, 'โรคราดำ', '/pests/sooty_mold.jpg', 'คราบราสีดำปกคลุมใบและผล ขัดขวางการสังเคราะห์แสง เกิดจากมูลหวานของเพลี้ย', 'disease', 'กำจัดแมลงปากดูด (เพลี้ยแป้ง/เพลี้ยหอย) ซึ่งเป็นต้นเหตุของมูลหวานที่ทำให้เกิดราดำ'),
(21, 'โรคจุดสนิม (สาหร่าย)', '/pests/algal_spot.jpg', 'จุดสีส้มคล้ายสนิมบนหน้าใบ เกิดจากสาหร่ายชนิดหนึ่ง พบมากในสวนที่ทรงพุ่มทึบ', 'disease', 'ตัดแต่งทรงพุ่มให้โปร่งเพื่อให้แสงแดดส่องถึงใบชั้นใน และฉีดพ่นน้ำล้างใบ'),
(22, 'เพลี้ยอ่อน', '/pests/aphids.jpg', 'ดูดกินน้ำเลี้ยงยอดอ่อนและใบอ่อน ทำให้ใบหงิกงอและเป็นแหล่งแพร่เชื้อไวรัส', 'pest', 'ปล่อยแมลงเต่าทองมาช่วยกินตัวเพลี้ยอ่อน หรือใช้สารสกัดจากใบยาสูบพ่นไล่'),
(23, 'โรคราเมล็ดผักกาด', '/pests/sclerotium.jpg', 'เน่าบริเวณโคนต้นหรือวัสดุปลูก มีเส้นใยขาวและเม็ดกลมเล็ก ๆ สีน้ำตาลคล้ายเมล็ดผักกาด', 'disease', 'ตากดินเพื่อลดการสะสมของเชื้อ หรือใช้ปูนขาวโรยปรับสภาพดินรอบโคนต้น');

-- 3. Table: active_ingredient
CREATE TABLE IF NOT EXISTS `active_ingredient` (
  `c_id` INTEGER PRIMARY KEY AUTOINCREMENT,
  `c_name` varchar(255) DEFAULT NULL,
  `g_id` varchar(10) DEFAULT NULL,
  FOREIGN KEY (`g_id`) REFERENCES `irac_moa_group` (`g_id`)
);

INSERT INTO `active_ingredient` (`c_id`, `c_name`, `g_id`) VALUES
(1, 'เมโทมิล (Methomyl)', '1A'), (2, 'คาร์โบซัลแฟน (Carbosulfan)', '1A'), (3, 'ฟีโนบูคาร์บ (Fenobucarb)', '1A'),
(4, 'คลอร์ไพริฟอส (Chlorpyrifos)', '1B'), (5, 'อิมิดาโคลพริด (Imidacloprid)', '4A'), (6, 'ฟลูเบนไดอะไมด์ (Flubendiamide)', '28'),
(7, 'คลอแรนทรานิลิโพรล (Chlorantraniliprole)', '28'), (8, 'สไปนีโทแรม (Spinetoram)', '5'), (9, 'สไปโรมีซิเฟน (Spiromesifen)', '23'),
(10, 'ไพเมโทรซีน (Pymetrozine)', '9B'), (11, 'เฟนไพโรซิเมต', '21'), (13, 'โพแทสเซียม ฟอสไฟต์', '33'),
(14, 'ไดเมโทมอร์ฟ', '40'), (15, 'ไดฟีโนโคนาโซล', '3'), (16, 'อะซอกซีสโตรบิน', '11'),
(17, 'ไซแอนทรานิลิโพรล', '28'), (18, 'สไปโรเททราแมต', '23'), (19, 'คอปเปอร์ ออกซีคลอไรด์', '100'),
(20, 'ฟีโนบูคาร์บ', '101'), (21, 'คลอแรนทรานิลิโพรล', '28');

-- 4. Table: ingredient_pest_control (ความเชื่อมโยงข้อมูล)
CREATE TABLE IF NOT EXISTS `ingredient_pest_control` (
  `c_id` INTEGER NOT NULL,
  `pest_id` INTEGER NOT NULL,
  `recommended_note` text DEFAULT NULL,
  PRIMARY KEY (`c_id`, `pest_id`),
  FOREIGN KEY (`c_id`) REFERENCES `active_ingredient` (`c_id`),
  FOREIGN KEY (`pest_id`) REFERENCES `pest` (`pest_id`)
);

INSERT INTO `ingredient_pest_control` (`c_id`, `pest_id`, `recommended_note`) VALUES
(1, 1, 'พ่นช่วงแตกใบอ่อน (กลุ่ม 4A)'), (1, 7, 'พ่นช่วงติดผลอ่อน (กลุ่ม 4A)'), (1, 8, 'พ่นช่วงดอกบาน (กลุ่ม 4A)'),
(1, 9, 'พ่นยาผสมไวท์ออยล์'), (1, 10, 'ฉีดพ่นหรือทาที่ลำต้น'), (1, 11, 'ใช้ฟิโพรนิลฉีดเข้าเข็ม'),
(1, 16, 'พ่นเมื่อพบหนอนกัดกินใบ'), (1, 17, 'พ่นระยะแตกใบอ่อน'), (1, 19, 'พ่นกิ่งที่พบรูเจาะ (กลุ่ม 4A)'),
(5, 1, 'สลับกลุ่มเพื่อป้องกันการดื้อยา'), (5, 9, 'กลุ่ม 4A พ่นซ้ำทุก 7 วัน'), (6, 2, 'พ่นเมื่อผลอายุ 1 เดือน (กลุ่ม 28)'),
(8, 2, 'เน้นฉีดพ่นที่ผล (กลุ่ม 5)'), (8, 6, 'สลับกลุ่มยา (กลุ่ม 5)'), (10, 3, 'พ่นเมื่อพบการระบาด (กลุ่ม 20)'),
(11, 3, 'สลับกลุ่มยาเพื่อป้องกันการดื้อยา (กลุ่ม 21)'), (13, 4, 'ฉีดเข้าลำต้นกระตุ้นภูมิ (กลุ่ม 33)'),
(14, 4, 'พ่นใบในช่วงฝนชุก (กลุ่ม 40)'), (15, 5, 'พ่นป้องกันช่วงใบอ่อน (กลุ่ม 3)'), (16, 5, 'ใช้ระยะดอกและผล (กลุ่ม 11)'),
(16, 15, 'พ่นป้องกันในช่วงฤดูฝน'), (17, 6, 'พ่นเมื่อผลอายุ 6-8 สัปดาห์'), (18, 7, 'สารดูดซึมออกฤทธิ์นาน (กลุ่ม 23)'),
(18, 20, 'กำจัดแมลงปากดูดที่เป็นต้นเหตุ (กลุ่ม 23)'), (19, 21, 'พ่นล้างต้นด้วยคอปเปอร์ (กลุ่ม M1)'),
(20, 22, 'พ่นเมื่อพบการระบาดที่ยอดอ่อน (กลุ่ม 1B)'), (21, 18, 'พ่นช่วงดอกตูมและดอกบาน (กลุ่ม 28)');

-- 5. Table: users
CREATE TABLE IF NOT EXISTS `users` (
  `id` INTEGER PRIMARY KEY AUTOINCREMENT,
  `username` varchar(50) UNIQUE DEFAULT NULL,
  `password` varchar(255) DEFAULT NULL,
  `name` varchar(100) DEFAULT NULL
);

INSERT INTO `users` (`id`, `username`, `password`, `name`) VALUES
(1, 'Admin', 'Admin', 'Admin'),
(2, '66310045', '1234', 'ภูมิวิวัฒน์');

-- 6. Table: usage_history
CREATE TABLE IF NOT EXISTS `usage_history` (
  `log_id` INTEGER PRIMARY KEY AUTOINCREMENT,
  `user_id` INTEGER,
  `pest_id` INTEGER,
  `g_id` varchar(10),
  `dosage` varchar(100),
  `image_path` text,
  `phi_days` INTEGER,
  `usage_date` date,
  FOREIGN KEY (`user_id`) REFERENCES `users` (`id`),
  FOREIGN KEY (`pest_id`) REFERENCES `pest` (`pest_id`)
);